task,mode,level,noise_std,greedy_fp_rate,greedy_mean_vanished,greedy_max_vanished,greedy_mean_final_acc,causal_fp_rate,causal_mean_vanished,causal_max_vanished,causal_mean_final_acc
colored_mnist,eval,2000,0.001977,0.1350,0.1350,1,0.987553,0.0050,0.0050,1,0.987580
colored_mnist,eval,1000,0.002260,0.1850,0.1850,1,0.987353,0.0400,0.0400,1,0.987337
colored_mnist,eval,500,0.003290,0.2100,0.2150,2,0.986263,0.0450,0.0450,1,0.986687
colored_mnist,eval,200,0.006429,0.1400,0.1500,2,0.983773,0.0450,0.0450,1,0.983970
colored_mnist,eval,100,0.007825,0.1350,0.1350,1,0.981390,0.0500,0.0500,1,0.981823
colored_mnist,eval,50,0.010020,0.1450,0.1450,1,0.978020,0.0650,0.0650,1,0.979693
colored_mnist,eval,25,0.008528,0.1350,0.1350,1,0.976113,0.0700,0.0700,1,0.977050
