{
  "meta": {
    "n_methods": 4,
    "n_seeds": 60,
    "K": 5,
    "z": 1.0,
    "within_arm": "causal",
    "budget_per_method": 60.0,
    "sel_sigmas": [
      0.005,
      0.01,
      0.02,
      0.04,
      0.06,
      0.08,
      0.12,
      0.16
    ],
    "sel_Ns": [
      2,
      3,
      5,
      8,
      12
    ],
    "rules": [
      "single",
      "fixedK",
      "causal"
    ],
    "fixed_sigma_for_Nsweep": 0.04,
    "note": "single budget=N; fixedK and causal budget=N*K (equal)."
  },
  "sigma_sweep": [
    {
      "sigma": 0.005,
      "n_methods": 4,
      "single_p_correct": 0.5,
      "single_regret": 0.0006956632679034037,
      "single_overstate": 0.004486024069483142,
      "single_units": 4.0,
      "fixedK_p_correct": 0.6333333333333333,
      "fixedK_regret": 0.00044446216714937037,
      "fixedK_overstate": 0.001641839100508491,
      "fixedK_units": 20.0,
      "causal_p_correct": 0.5,
      "causal_regret": 0.0004215377078176653,
      "causal_overstate": 0.0012657022669594628,
      "causal_units": 14.733333333333333
    },
    {
      "sigma": 0.01,
      "n_methods": 4,
      "single_p_correct": 0.38333333333333336,
      "single_regret": 0.0012560701969902418,
      "single_overstate": 0.0064785048166703775,
      "single_units": 4.0,
      "fixedK_p_correct": 0.55,
      "fixedK_regret": 0.0006232923923718798,
      "fixedK_overstate": 0.0030429522213538582,
      "fixedK_units": 20.0,
      "causal_p_correct": 0.5,
      "causal_regret": 0.0008845678587224872,
      "causal_overstate": 0.003990644294423943,
      "causal_units": 16.033333333333335
    },
    {
      "sigma": 0.02,
      "n_methods": 4,
      "single_p_correct": 0.43333333333333335,
      "single_regret": 0.0016779555423224789,
      "single_overstate": 0.016627598237501963,
      "single_units": 4.0,
      "fixedK_p_correct": 0.38333333333333336,
      "fixedK_regret": 0.001200858026979227,
      "fixedK_overstate": 0.008469108323411257,
      "fixedK_units": 20.0,
      "causal_p_correct": 0.5166666666666667,
      "causal_regret": 0.0012141299302051401,
      "causal_overstate": 0.008711040240141384,
      "causal_units": 17.0
    },
    {
      "sigma": 0.04,
      "n_methods": 4,
      "single_p_correct": 0.35,
      "single_regret": 0.003623438039714171,
      "single_overstate": 0.037135708170144825,
      "single_units": 4.0,
      "fixedK_p_correct": 0.48333333333333334,
      "fixedK_regret": 0.0027611499712105803,
      "fixedK_overstate": 0.017063054879122172,
      "fixedK_units": 20.0,
      "causal_p_correct": 0.3,
      "causal_regret": 0.0030731722480386997,
      "causal_overstate": 0.020591576643281356,
      "causal_units": 16.8
    },
    {
      "sigma": 0.06,
      "n_methods": 4,
      "single_p_correct": 0.3,
      "single_regret": 0.004148231682813075,
      "single_overstate": 0.05895452621493571,
      "single_units": 4.0,
      "fixedK_p_correct": 0.3333333333333333,
      "fixedK_regret": 0.002996463776317846,
      "fixedK_overstate": 0.028797369652217884,
      "fixedK_units": 20.0,
      "causal_p_correct": 0.4166666666666667,
      "causal_regret": 0.002327259952867334,
      "causal_overstate": 0.03013337436566977,
      "causal_units": 16.783333333333335
    },
    {
      "sigma": 0.08,
      "n_methods": 4,
      "single_p_correct": 0.4166666666666667,
      "single_regret": 0.004550882270604104,
      "single_overstate": 0.09512382090889071,
      "single_units": 4.0,
      "fixedK_p_correct": 0.25,
      "fixedK_regret": 0.004168853931072343,
      "fixedK_overstate": 0.029107060272730377,
      "fixedK_units": 20.0,
      "causal_p_correct": 0.2833333333333333,
      "causal_regret": 0.005689264362742631,
      "causal_overstate": 0.04087655002679972,
      "causal_units": 18.033333333333335
    },
    {
      "sigma": 0.12,
      "n_methods": 4,
      "single_p_correct": 0.23333333333333334,
      "single_regret": 0.006624275196381654,
      "single_overstate": 0.1325323551799434,
      "single_units": 4.0,
      "fixedK_p_correct": 0.4166666666666667,
      "fixedK_regret": 0.0037379935489421767,
      "fixedK_overstate": 0.054724563601042976,
      "fixedK_units": 20.0,
      "causal_p_correct": 0.25,
      "causal_regret": 0.0056516275670915805,
      "causal_overstate": 0.05322495781750765,
      "causal_units": 17.633333333333333
    },
    {
      "sigma": 0.16,
      "n_methods": 4,
      "single_p_correct": 0.2833333333333333,
      "single_regret": 0.007409695557679563,
      "single_overstate": 0.17188570969056297,
      "single_units": 4.0,
      "fixedK_p_correct": 0.21666666666666667,
      "fixedK_regret": 0.007346703121822249,
      "fixedK_overstate": 0.08596899309645885,
      "fixedK_units": 20.0,
      "causal_p_correct": 0.4,
      "causal_regret": 0.006511237777853437,
      "causal_overstate": 0.09949992353229085,
      "causal_units": 16.9
    }
  ],
  "n_sweep": [
    {
      "sigma": 0.04,
      "n_methods": 2,
      "single_p_correct": 0.6833333333333333,
      "single_regret": 0.0016307035364741965,
      "single_overstate": 0.021193999802412933,
      "single_units": 2.0,
      "fixedK_p_correct": 0.65,
      "fixedK_regret": 0.0013430188244546106,
      "fixedK_overstate": 0.007876233920369296,
      "fixedK_units": 10.0,
      "causal_p_correct": 0.6,
      "causal_regret": 0.0012422998537936565,
      "causal_overstate": 0.01784278156361792,
      "causal_units": 7.566666666666666
    },
    {
      "sigma": 0.04,
      "n_methods": 3,
      "single_p_correct": 0.4666666666666667,
      "single_regret": 0.003891248362509447,
      "single_overstate": 0.03099588546158921,
      "single_units": 3.0,
      "fixedK_p_correct": 0.45,
      "fixedK_regret": 0.0025519462641243637,
      "fixedK_overstate": 0.011130153785847646,
      "fixedK_units": 15.0,
      "causal_p_correct": 0.45,
      "causal_regret": 0.0018523800410222423,
      "causal_overstate": 0.018609972063924365,
      "causal_units": 12.316666666666666
    },
    {
      "sigma": 0.04,
      "n_methods": 5,
      "single_p_correct": 0.2833333333333333,
      "single_regret": 0.006858183799961402,
      "single_overstate": 0.04794751352373883,
      "single_units": 5.0,
      "fixedK_p_correct": 0.25,
      "fixedK_regret": 0.002623866450999189,
      "fixedK_overstate": 0.017453526014335873,
      "fixedK_units": 25.0,
      "causal_p_correct": 0.35,
      "causal_regret": 0.0031643506743267167,
      "causal_overstate": 0.0183078065218533,
      "causal_units": 21.983333333333334
    },
    {
      "sigma": 0.04,
      "n_methods": 8,
      "single_p_correct": 0.18333333333333332,
      "single_regret": 0.008295794268908481,
      "single_overstate": 0.05270724749530878,
      "single_units": 8.0,
      "fixedK_p_correct": 0.21666666666666667,
      "fixedK_regret": 0.004905532261548666,
      "fixedK_overstate": 0.024353206855304697,
      "fixedK_units": 40.0,
      "causal_p_correct": 0.43333333333333335,
      "causal_regret": 0.0018950108156258949,
      "causal_overstate": 0.01972005343162357,
      "causal_units": 34.266666666666666
    },
    {
      "sigma": 0.04,
      "n_methods": 12,
      "single_p_correct": 0.18333333333333332,
      "single_regret": 0.006883817122771826,
      "single_overstate": 0.062129753110095214,
      "single_units": 12.0,
      "fixedK_p_correct": 0.23333333333333334,
      "fixedK_regret": 0.0041100979161508835,
      "fixedK_overstate": 0.02616942755027822,
      "fixedK_units": 60.0,
      "causal_p_correct": 0.21666666666666667,
      "causal_regret": 0.004208327295866633,
      "causal_overstate": 0.027019689830695033,
      "causal_units": 52.016666666666666
    }
  ]
}