{
  "run_id": "baseline_noise_n8",
  "n": 8,
  "scores": [
    0.11674656036272414,
    0.11604427301860137,
    0.11654593483855705,
    0.11702240820726166,
    0.11724836919698672,
    0.11663365337501508,
    0.11717295085754043,
    0.11665879282149717
  ],
  "mean": 0.11675911783477295,
  "stdev": 0.0003644106057293893,
  "min": 0.11604427301860137,
  "max": 0.11724836919698672,
  "range": 0.0012040961783853499,
  "cv_pct": 0.3121046240218006
}