{
  "task": "fmnist_mlp_hpo",
  "dataset": "fmnist",
  "dataset_desc": "FashionMNIST (28x28 grayscale clothing images flattened to 784 pixel features, 10 classes)",
  "n_features": 784,
  "n_classes": 10,
  "budget_units": 40.0,
  "n_seeds": 5,
  "seeds": [
    0,
    1,
    2,
    3,
    4
  ],
  "audit_seeds": 30,
  "baseline_config": {
    "hidden": 16,
    "lr": 0.01,
    "dropout": 0.0,
    "weight_decay": 0.0,
    "epochs": 6,
    "batch_size": 64,
    "activation": "relu"
  },
  "sweep": [
    {
      "regime": "low  (full data)",
      "eval_sd": 0.012561902968318906,
      "fidelity": "full",
      "train_subset": null,
      "baseline_test_mean": 0.8161999980608622,
      "baseline_test_std": 0.0,
      "arms": {
        "greedy": {
          "n_accepted_mean": 3.2,
          "n_accepted_std": 2.04939015319192,
          "final_true_test_mean": 0.8225133319695791,
          "final_true_test_std": 0.009859200677760919,
          "audit": {
            "n_vanished_mean": 0.6,
            "n_vanished_std": 0.5477225575051662,
            "n_kept_mean": 3.2,
            "n_kept_std": 2.04939015319192,
            "n_survive_mean": 2.6,
            "n_survive_std": 2.073644135332772
          }
        },
        "causal": {
          "n_accepted_mean": 0.2,
          "n_accepted_std": 0.44721359549995804,
          "final_true_test_mean": 0.8161733313401539,
          "final_true_test_std": 5.962860024056503e-05,
          "audit": {
            "n_vanished_mean": 0.0,
            "n_vanished_std": 0.0,
            "n_kept_mean": 0.2,
            "n_kept_std": 0.44721359549995804,
            "n_survive_mean": 0.2,
            "n_survive_std": 0.44721359549995804
          }
        }
      }
    },
    {
      "regime": "med  (600 samples)",
      "eval_sd": 0.024225639856735596,
      "fidelity": "med",
      "train_subset": 600,
      "baseline_test_mean": 0.8161999980608622,
      "baseline_test_std": 0.0,
      "arms": {
        "greedy": {
          "n_accepted_mean": 3.2,
          "n_accepted_std": 1.7888543819998317,
          "final_true_test_mean": 0.806103332042694,
          "final_true_test_std": 0.018069845630348795,
          "audit": {
            "n_vanished_mean": 1.4,
            "n_vanished_std": 0.5477225575051661,
            "n_kept_mean": 3.2,
            "n_kept_std": 1.7888543819998317,
            "n_survive_mean": 1.8,
            "n_survive_std": 1.9235384061671346
          }
        },
        "causal": {
          "n_accepted_mean": 1.8,
          "n_accepted_std": 1.0954451150103324,
          "final_true_test_mean": 0.8059700000286103,
          "final_true_test_std": 0.008219939272819637,
          "audit": {
            "n_vanished_mean": 0.6,
            "n_vanished_std": 0.5477225575051662,
            "n_kept_mean": 1.8,
            "n_kept_std": 1.0954451150103324,
            "n_survive_mean": 1.2,
            "n_survive_std": 1.3038404810405297
          }
        }
      }
    },
    {
      "regime": "high (150 samples)",
      "eval_sd": 0.06064608330160896,
      "fidelity": "high",
      "train_subset": 150,
      "baseline_test_mean": 0.8161999980608622,
      "baseline_test_std": 0.0,
      "arms": {
        "greedy": {
          "n_accepted_mean": 6.8,
          "n_accepted_std": 2.5884358211089573,
          "final_true_test_mean": 0.7777533324559529,
          "final_true_test_std": 0.0434960635540765,
          "audit": {
            "n_vanished_mean": 2.0,
            "n_vanished_std": 0.7071067811865476,
            "n_kept_mean": 6.8,
            "n_kept_std": 2.5884358211089573,
            "n_survive_mean": 4.8,
            "n_survive_std": 2.489979919597747
          }
        },
        "causal": {
          "n_accepted_mean": 1.6,
          "n_accepted_std": 1.140175425099138,
          "final_true_test_mean": 0.8068333319822948,
          "final_true_test_std": 0.010693944940227901,
          "audit": {
            "n_vanished_mean": 0.6,
            "n_vanished_std": 0.5477225575051662,
            "n_kept_mean": 1.6,
            "n_kept_std": 1.140175425099138,
            "n_survive_mean": 1.0,
            "n_survive_std": 1.0
          }
        }
      }
    }
  ],
  "wall_s": 265.07969903945923
}