task,mode,level,noise_std,greedy_fp_rate,greedy_mean_vanished,greedy_max_vanished,greedy_mean_final_acc,causal_fp_rate,causal_mean_vanished,causal_max_vanished,causal_mean_final_acc
fashionmnist,eval,2000,0.004364,0.4450,0.4450,1,0.902492,0.3200,0.3200,1,0.901898
fashionmnist,eval,1000,0.005797,0.4950,0.4950,1,0.901635,0.2450,0.2450,1,0.900462
fashionmnist,eval,500,0.008863,0.4500,0.4500,1,0.900381,0.2100,0.2100,1,0.898896
fashionmnist,eval,200,0.017133,0.4200,0.4200,1,0.899119,0.2650,0.2650,1,0.897363
fashionmnist,eval,100,0.020868,0.4350,0.4600,2,0.897552,0.2750,0.2750,1,0.896804
fashionmnist,eval,50,0.022938,0.3950,0.4150,2,0.896400,0.2950,0.3000,2,0.895696
fashionmnist,eval,25,0.032427,0.3800,0.3950,2,0.894977,0.2550,0.2550,1,0.895900
