{
  "task": "digits_mlp_hpo",
  "budget_units": 40.0,
  "n_seeds": 5,
  "seeds": [
    0,
    1,
    2,
    3,
    4
  ],
  "audit_seeds": 30,
  "baseline_config": {
    "hidden": 16,
    "lr": 0.01,
    "dropout": 0.0,
    "weight_decay": 0.0,
    "epochs": 6,
    "batch_size": 64,
    "activation": "relu"
  },
  "sweep": [
    {
      "regime": "low  (full data)",
      "eval_sd": 0.007424949553985583,
      "fidelity": "full",
      "train_subset": null,
      "baseline_test_mean": 0.9510185201962789,
      "baseline_test_std": 0.0,
      "arms": {
        "greedy": {
          "n_accepted_mean": 2.8,
          "n_accepted_std": 0.8366600265340756,
          "final_true_test_mean": 0.9608148105939229,
          "final_true_test_std": 0.007669941354090901,
          "audit": {
            "n_vanished_mean": 0.4,
            "n_vanished_std": 0.894427190999916,
            "n_kept_mean": 2.8,
            "n_kept_std": 0.8366600265340756,
            "n_survive_mean": 2.4,
            "n_survive_std": 1.5165750888103102
          }
        },
        "causal": {
          "n_accepted_mean": 2.4,
          "n_accepted_std": 1.3416407864998738,
          "final_true_test_mean": 0.9604814795653025,
          "final_true_test_std": 0.008627371603196345,
          "audit": {
            "n_vanished_mean": 0.2,
            "n_vanished_std": 0.447213595499958,
            "n_kept_mean": 2.4,
            "n_kept_std": 1.3416407864998738,
            "n_survive_mean": 2.2,
            "n_survive_std": 1.6431676725154984
          }
        }
      }
    },
    {
      "regime": "med  (200 samples)",
      "eval_sd": 0.03864822325865843,
      "fidelity": "med",
      "train_subset": 200,
      "baseline_test_mean": 0.9510185201962789,
      "baseline_test_std": 0.0,
      "arms": {
        "greedy": {
          "n_accepted_mean": 8.2,
          "n_accepted_std": 2.280350850198276,
          "final_true_test_mean": 0.9510925900936126,
          "final_true_test_std": 0.009552169162177836,
          "audit": {
            "n_vanished_mean": 2.2,
            "n_vanished_std": 1.4832396974191326,
            "n_kept_mean": 8.2,
            "n_kept_std": 2.280350850198276,
            "n_survive_mean": 6.0,
            "n_survive_std": 1.4142135623730951
          }
        },
        "causal": {
          "n_accepted_mean": 3.6,
          "n_accepted_std": 0.8944271909999159,
          "final_true_test_mean": 0.9562407362461091,
          "final_true_test_std": 0.013223181182867985,
          "audit": {
            "n_vanished_mean": 0.2,
            "n_vanished_std": 0.44721359549995804,
            "n_kept_mean": 3.6,
            "n_kept_std": 0.8944271909999159,
            "n_survive_mean": 3.4,
            "n_survive_std": 1.140175425099138
          }
        }
      }
    },
    {
      "regime": "high (80 samples)",
      "eval_sd": 0.05574051304335272,
      "fidelity": "high",
      "train_subset": 80,
      "baseline_test_mean": 0.9510185201962789,
      "baseline_test_std": 0.0,
      "arms": {
        "greedy": {
          "n_accepted_mean": 7.4,
          "n_accepted_std": 2.073644135332772,
          "final_true_test_mean": 0.9574629612763722,
          "final_true_test_std": 0.00570388066399632,
          "audit": {
            "n_vanished_mean": 1.4,
            "n_vanished_std": 0.8944271909999159,
            "n_kept_mean": 7.4,
            "n_kept_std": 2.073644135332772,
            "n_survive_mean": 6.0,
            "n_survive_std": 1.8708286933869707
          }
        },
        "causal": {
          "n_accepted_mean": 2.0,
          "n_accepted_std": 1.4142135623730951,
          "final_true_test_mean": 0.9560555561383565,
          "final_true_test_std": 0.0077594565294015466,
          "audit": {
            "n_vanished_mean": 0.2,
            "n_vanished_std": 0.44721359549995804,
            "n_kept_mean": 2.0,
            "n_kept_std": 1.4142135623730951,
            "n_survive_mean": 1.8,
            "n_survive_std": 1.6431676725154984
          }
        }
      }
    }
  ],
  "wall_s": 170.003356218338
}